policy,seed,any_failure_rate,mean_max_active,mean_stall_rate,mean_recovery_rate,mean_brier,top1_hit_rate,mean_moved_nodes,mean_controller_ms,malicious_fraction
no_reconfig,70200,1.0,8.0,0.013503086419753,0.1903292181069958,0.0185173625663466,1.0,0.0,21.15747770830012,0.2
no_reconfig,70201,0.0,7.0,0.0106095679012345,0.18872170781893,0.0036167358833935,0.8333333333333334,0.0,0.800562874995118,0.2
no_reconfig,70202,0.0,6.0,0.0084876543209876,0.1854423868312757,0.0003807668812133,0.875,0.0,0.7910905416584532,0.2
no_reconfig,70203,0.0,7.0,0.0088734567901234,0.1816486625514403,0.0040178109022427,0.7083333333333334,0.0,0.7980502916969575,0.2
risk_aware_exchange,70200,0.0416666666666666,6.25,0.0081661522633744,0.1865997942386831,0.0025976389724925,0.625,5.0,52.129121958311465,0.2
risk_aware_exchange,70201,0.0,6.25,0.008937757201646,0.1898791152263374,0.0018612747701738,0.7083333333333334,2.4166666666666665,53.63203862500162,0.2
risk_aware_exchange,70202,0.0,6.0,0.0076517489711934,0.1832561728395061,0.0012077408714883,0.7083333333333334,2.75,53.03020929167701,0.2
risk_aware_exchange,70203,0.0,5.541666666666667,0.0075231481481481,0.1867283950617284,0.0012269754867823,0.7916666666666666,3.9166666666666665,50.908876083354926,0.2
no_reconfig,70240,1.0,8.0,0.017554012345679,0.2232510288065843,0.0214155216007261,0.9583333333333334,0.0,0.8259131666648045,0.24
no_reconfig,70241,1.0,8.0,0.0281635802469135,0.2269161522633744,0.0573447278881917,1.0,0.0,0.7918530416570017,0.24
no_reconfig,70242,0.0,7.0,0.0138888888888888,0.2167566872427983,0.0198869000919292,0.9166666666666666,0.0,0.7733463332992111,0.24
no_reconfig,70243,1.0,9.0,0.0528549382716049,0.2263374485596707,0.0293293341795412,1.0,0.0,0.8126262916618998,0.24
risk_aware_exchange,70240,0.125,6.916666666666667,0.0140817901234567,0.2223508230452675,0.0055843839937562,0.6666666666666666,4.333333333333333,51.79278666665255,0.24
risk_aware_exchange,70241,0.2916666666666667,7.041666666666667,0.0178755144032921,0.223315329218107,0.015792146666098,0.9166666666666666,5.916666666666667,51.25979074998099,0.24
risk_aware_exchange,70242,0.1666666666666666,7.041666666666667,0.0118955761316872,0.2215792181069958,0.0102078835323819,0.5833333333333334,5.583333333333333,52.696115750004914,0.24
risk_aware_exchange,70243,0.4583333333333333,7.458333333333333,0.0244341563786008,0.2166280864197531,0.0268445431133319,0.9166666666666666,7.333333333333333,52.99796354168507,0.24
no_reconfig,70280,1.0,11.0,0.0815329218106995,0.2287165637860082,0.0183209408500086,1.0,0.0,0.8408207083524152,0.28
no_reconfig,70281,1.0,9.0,0.0403163580246913,0.2480709876543209,0.0243638533227854,1.0,0.0,0.8308746666519559,0.28
no_reconfig,70282,1.0,10.0,0.0718878600823045,0.2396476337448559,0.0051326252648876,1.0,0.0,0.8782279166723583,0.28
no_reconfig,70283,1.0,8.0,0.0283564814814814,0.2488425925925926,0.0375843660877526,1.0,0.0,0.8575666666767271,0.28
risk_aware_exchange,70280,0.5416666666666666,7.833333333333333,0.0261702674897119,0.2496784979423868,0.0322536610882304,0.8333333333333334,8.083333333333334,53.57881508334117,0.28
risk_aware_exchange,70281,0.6666666666666666,8.125,0.0300282921810699,0.2404192386831275,0.0435037830139073,0.875,9.166666666666666,52.77278091669283,0.28
risk_aware_exchange,70282,0.7083333333333334,8.5,0.0348508230452674,0.2461419753086419,0.0378517976245604,0.9583333333333334,9.833333333333334,52.525360333362414,0.28
risk_aware_exchange,70283,0.5833333333333334,8.125,0.030542695473251,0.2422196502057613,0.0433679050161665,0.9583333333333334,10.75,51.78410470835123,0.28
no_reconfig,70320,1.0,10.0,0.0859053497942386,0.2777134773662551,0.0617328677066784,1.0,0.0,0.8554666249835918,0.32
no_reconfig,70321,1.0,9.0,0.0757458847736625,0.2952031893004115,0.0550649077263945,1.0,0.0,0.8748120833293646,0.32
no_reconfig,70322,1.0,12.0,0.131494341563786,0.2536008230452675,0.0588177084321447,1.0,0.0,0.9300602916558396,0.32
no_reconfig,70323,1.0,10.0,0.1200488683127572,0.2735982510288066,0.0331811378166003,1.0,0.0,0.8774007499804762,0.32
risk_aware_exchange,70320,1.0,9.458333333333334,0.0621141975308641,0.2684542181069959,0.0827109322099255,1.0,10.583333333333334,52.61120691666103,0.32
risk_aware_exchange,70321,1.0,9.875,0.0850694444444444,0.2813143004115226,0.0400865049650727,1.0,2.9166666666666665,52.62649633329867,0.32
risk_aware_exchange,70322,1.0,10.625,0.0992798353909465,0.2719907407407407,0.0434334072630297,0.9583333333333334,7.166666666666667,52.90257650001232,0.32
risk_aware_exchange,70323,1.0,10.0,0.1200488683127572,0.2735982510288066,0.0331811378166003,1.0,0.0,53.373745083310574,0.32
no_reconfig,70204,0.0,6.0,0.0086162551440329,0.1840920781893004,0.0020555275408298,0.875,0.0,25.32707729170625,0.2
no_reconfig,70205,0.0,7.0,0.0102237654320987,0.186085390946502,0.0104619591649356,0.7916666666666666,0.0,0.881608750006535,0.2
no_reconfig,70206,1.0,8.0,0.0162037037037037,0.1893647119341563,0.0246532078243002,0.875,0.0,0.8573858333325765,0.2
no_reconfig,70207,0.0,6.0,0.0095807613168724,0.1862139917695473,0.0017834495608227,0.9166666666666666,0.0,0.8490163333097674,0.2
risk_aware_exchange,70204,0.0,6.0,0.0088734567901234,0.1878858024691358,0.0007789727026969,0.7916666666666666,1.8333333333333333,55.39711666666373,0.2
risk_aware_exchange,70205,0.0,6.125,0.0075231481481481,0.1866640946502057,0.0013001927006067,0.7083333333333334,3.583333333333333,55.24676445836008,0.2
risk_aware_exchange,70206,0.0416666666666666,6.208333333333333,0.0087448559670781,0.1878215020576131,0.0015181081943301,0.625,3.083333333333333,62.535227000002656,0.2
risk_aware_exchange,70207,0.0,6.0,0.0093235596707818,0.186792695473251,0.0010363565307842,0.7916666666666666,3.1666666666666665,63.655331833340746,0.2
no_reconfig,70244,1.0,10.0,0.0605709876543209,0.2153420781893004,0.0321485410175699,1.0,0.0,1.0266514583463504,0.24
no_reconfig,70245,0.0,7.0,0.0128600823045267,0.223315329218107,0.0168265412936716,0.875,0.0,1.0177134999859545,0.24
no_reconfig,70246,1.0,8.0,0.0154963991769547,0.2229295267489711,0.0214462494280999,1.0,0.0,1.0727685000138838,0.24
no_reconfig,70247,0.0,7.0,0.0143389917695473,0.2130915637860082,0.0105252134403334,0.8333333333333334,0.0,1.0381573333120286,0.24
risk_aware_exchange,70244,0.4166666666666667,7.625,0.0217978395061728,0.2222865226337448,0.0170145547412139,0.8333333333333334,11.083333333333334,65.86506108333386,0.24
risk_aware_exchange,70245,0.0416666666666666,6.416666666666667,0.0120884773662551,0.2233796296296296,0.0055820219385118,0.7083333333333334,3.0,62.04736483327148,0.24
risk_aware_exchange,70246,0.125,6.541666666666667,0.0118955761316872,0.2207433127572016,0.0047950029531134,0.7083333333333334,4.0,62.98346295832857,0.24
risk_aware_exchange,70247,0.0,6.5,0.0143389917695473,0.2141203703703703,0.0112954417922772,0.75,4.333333333333333,60.880103374993645,0.24
no_reconfig,70284,1.0,8.0,0.0319573045267489,0.2563014403292181,0.0583953075001399,1.0,0.0,0.9295448749924162,0.28
no_reconfig,70285,1.0,11.0,0.0806327160493827,0.2202932098765432,0.0150394698410488,1.0,0.0,0.9369921666480726,0.28
no_reconfig,70286,1.0,8.0,0.027199074074074,0.257716049382716,0.0414915532131,1.0,0.0,0.8791862083323091,0.28
no_reconfig,70287,1.0,11.0,0.0973508230452674,0.2240869341563786,0.0027533039246123,1.0,0.0,0.9479507499937276,0.28
risk_aware_exchange,70284,0.625,8.041666666666666,0.027906378600823,0.2516075102880658,0.0272420996920671,0.875,9.5,57.303540791622254,0.28
risk_aware_exchange,70285,0.25,7.458333333333333,0.0229552469135802,0.239454732510288,0.0275220693189828,0.875,7.5,57.97014416665055,0.28
risk_aware_exchange,70286,0.5,7.791666666666667,0.0270061728395061,0.2451131687242798,0.0365303310159923,0.8333333333333334,9.25,56.8321180416452,0.28
risk_aware_exchange,70287,0.5,8.125,0.0320216049382716,0.2414480452674897,0.0286696256013202,0.875,9.166666666666666,55.75247749999335,0.28
no_reconfig,70324,1.0,9.0,0.0506687242798353,0.2841435185185185,0.0486383128735546,1.0,0.0,0.8957981250053612,0.32
no_reconfig,70325,1.0,10.0,0.1158050411522633,0.2823431069958848,0.0023793454810101,0.9583333333333334,0.0,0.934411708319279,0.32
no_reconfig,70326,1.0,10.0,0.1017875514403292,0.2863940329218107,0.0352274208297128,1.0,0.0,0.9329100416361296,0.32
no_reconfig,70327,1.0,12.0,0.257716049382716,0.1900720164609053,0.014419994499027,1.0,0.0,0.9594308333760182,0.32
risk_aware_exchange,70324,1.0,10.875,0.0888631687242798,0.2554655349794238,0.0233800511809476,1.0,10.583333333333334,57.6605889166899,0.32
risk_aware_exchange,70325,1.0,10.0,0.1158050411522633,0.2823431069958848,0.0023793454810101,0.9583333333333334,0.0,64.61920800001053,0.32
risk_aware_exchange,70326,1.0,10.0,0.1017875514403292,0.2863940329218107,0.0352274208297128,1.0,0.0,62.70321162498741,0.32
risk_aware_exchange,70327,1.0,12.0,0.257716049382716,0.1900720164609053,0.014419994499027,1.0,0.0,57.053504958361145,0.32
no_reconfig,70208,0.0,7.0,0.0111239711934156,0.1806198559670782,0.0078618610683403,0.5833333333333334,0.0,22.020748208348092,0.2
no_reconfig,70209,0.0,6.0,0.0094521604938271,0.1840277777777778,0.0012097368454152,0.75,0.0,0.7749044583249542,0.2
no_reconfig,70210,0.0,7.0,0.0102237654320987,0.187307098765432,0.0034121657986455,0.6666666666666666,0.0,0.7793409166746793,0.2
no_reconfig,70211,1.0,8.0,0.013503086419753,0.1905864197530864,0.0227689018828046,0.9583333333333334,0.0,0.7898480000013327,0.2
risk_aware_exchange,70208,0.0,5.708333333333333,0.0080375514403292,0.1819058641975308,0.0017809490608641,0.7916666666666666,2.333333333333333,51.20780875000719,0.2
risk_aware_exchange,70209,0.0,5.125,0.0084876543209876,0.1870498971193415,0.0004236006966112,0.9583333333333334,2.9166666666666665,52.60207183332,0.2
risk_aware_exchange,70210,0.0,6.25,0.0095164609053497,0.1876929012345679,0.0019911637665439,0.7916666666666666,4.0,52.17940858334676,0.2
risk_aware_exchange,70211,0.0833333333333333,6.166666666666667,0.0086162551440329,0.1864711934156378,0.0016560817016889,0.625,3.25,52.48683400000687,0.2
no_reconfig,70248,1.0,8.0,0.0188400205761316,0.2220293209876543,0.0190416897986071,0.9166666666666666,0.0,0.8557136666335433,0.24
no_reconfig,70249,1.0,8.0,0.0204475308641975,0.2229938271604938,0.0244917813214556,0.9583333333333334,0.0,0.8438741666528434,0.24
no_reconfig,70250,1.0,10.0,0.0529835390946502,0.2048611111111111,0.0099406614361095,1.0,0.0,0.8355228333603767,0.24
no_reconfig,70251,1.0,10.0,0.0527263374485596,0.210133744855967,0.0053897552401328,1.0,0.0,0.8267524583231989,0.24
risk_aware_exchange,70248,0.4583333333333333,7.458333333333333,0.014210390946502,0.222608024691358,0.0132650615967294,0.7083333333333334,7.583333333333333,52.00526708337824,0.24
risk_aware_exchange,70249,0.0833333333333333,6.833333333333333,0.0131172839506172,0.2174639917695473,0.0142732663131363,0.7083333333333334,6.25,54.3921123750124,0.24
risk_aware_exchange,70250,0.0833333333333333,6.916666666666667,0.0144032921810699,0.2159207818930041,0.0078286686199819,0.8333333333333334,5.0,52.44604812497755,0.24
risk_aware_exchange,70251,0.3333333333333333,7.458333333333333,0.0171039094650205,0.2170138888888888,0.0229050748854658,0.5416666666666666,6.166666666666667,52.28206120834974,0.24
no_reconfig,70288,1.0,9.0,0.0432741769547325,0.252636316872428,0.0318808616811892,1.0,0.0,0.8215635416680319,0.28
no_reconfig,70289,1.0,9.0,0.0553626543209876,0.2635030864197531,0.0170849530780611,1.0,0.0,0.833849583329993,0.28
no_reconfig,70290,1.0,10.0,0.1001800411522633,0.2309027777777778,0.0055615012778155,1.0,0.0,0.8792759167211747,0.28
no_reconfig,70291,1.0,9.0,0.0439814814814814,0.2537294238683127,0.0257787908512509,1.0,0.0,0.8319173749669062,0.28
risk_aware_exchange,70288,0.5833333333333334,8.208333333333334,0.0322145061728395,0.2416409465020576,0.0309821455779704,0.875,8.833333333333334,52.383732750011326,0.28
risk_aware_exchange,70289,0.5833333333333334,8.208333333333334,0.034400720164609,0.2447916666666666,0.0305304671004857,1.0,10.333333333333334,53.14167516667112,0.28
risk_aware_exchange,70290,0.4583333333333333,8.375,0.0440457818930041,0.2372042181069958,0.0351421791695971,0.7916666666666666,8.75,51.81239479165356,0.28
risk_aware_exchange,70291,0.5833333333333334,8.0,0.0316358024691358,0.2376543209876543,0.0201984719233892,0.75,8.333333333333334,51.34469029167121,0.28
no_reconfig,70328,1.0,9.0,0.0652649176954732,0.2914094650205761,0.0358561536780866,1.0,0.0,0.8666840833484457,0.32
no_reconfig,70329,1.0,10.0,0.0745884773662551,0.2880658436213992,0.0614883954468789,1.0,0.0,0.9040972083293278,0.32
no_reconfig,70330,1.0,11.0,0.0994727366255144,0.2671682098765432,0.0447231528131856,1.0,0.0,0.8605960000049132,0.32
no_reconfig,70331,1.0,10.0,0.1054526748971193,0.2832433127572016,0.0264666284660474,1.0,0.0,0.9056355000041094,0.32
risk_aware_exchange,70328,1.0,9.416666666666666,0.062307098765432,0.2835648148148148,0.0391669603300357,1.0,8.25,51.33061299998568,0.32
risk_aware_exchange,70329,1.0,10.125,0.0792824074074074,0.2827289094650205,0.0410261428894079,0.9583333333333334,8.833333333333334,53.86010999997856,0.32
risk_aware_exchange,70330,1.0,10.166666666666666,0.0806327160493827,0.277906378600823,0.039843131778794,1.0,9.416666666666666,52.2852991250223,0.32
risk_aware_exchange,70331,1.0,10.0,0.1059670781893004,0.2834362139917695,0.0267754467216431,1.0,0.3333333333333333,52.41307962498354,0.32
